USE DB_Mayorista_TPI_G73
GO

INSERT INTO Persona (Apellido, Nombre, Documento, Direccion, Email, Telefono, Activo, FechaAlta) VALUES
('García','Juan','30123456','Av. Corrientes 1234','jgarcia@gmail.com','11-2345-6789',1,'2024-01-15'),
('López','María','32567890','Rivadavia 5678','mlopez@hotmail.com','11-3456-7890',1,'2024-01-20'),
('Martínez','Pedro','28987654','Santa Fe 890','pmartinez@yahoo.com','341-234-5678',1,'2024-02-01'),
('Rodríguez','Ana','33445566','Pellegrini 123','arodriguez@gmail.com','351-987-6543',1,'2024-02-10'),
('Fernández','Carlos','27123456','Belgrano 456','cfernandez@outlook.com','261-345-6789',1,'2024-02-15'),
('Pérez','Lucía','35234567','San Martín 789','lperez@gmail.com','221-456-7890',1,'2024-03-01'),
('Gómez','Diego','30111111','9 de Julio 101','dgomez@gmail.com','11-9876-5432',1,'2024-03-05'),
('Sosa','Valeria','33888999','Mitre 234','vsosa@yahoo.com','387-654-3210',1,'2024-03-10'),
('Ramírez','Facundo','29555444','Independencia 567','framirez@gmail.com','381-123-4567',1,'2024-03-12'),
('Torres','Camila','34987654','Libertador 890','ctorres@hotmail.com','11-4567-8901',1,'2024-03-15'),
('Suárez','Roberto','28123456','Cabildo 123','rsuarez@empresa.com','11-9123-4567',1,'2024-01-10'),
('Molina','Carla','33123456','Scalabrini Ortiz 456','cmolina@empresa.com','11-9234-5678',1,'2024-01-11'),
('Vega','Maximiliano','30234567','Juramento 789','mvega@empresa.com','11-9345-6789',1,'2024-01-12'),
('Ortega','Natalia','32123456','Las Heras 101','nortega@empresa.com','11-9456-7890',1,'2024-01-15'),
('Castro','Esteban','29123456','Florida 234','ecastro@empresa.com','11-9567-8901',1,'2024-01-20'),
('Ríos','Julieta','34123456','Callao 567','jrios@empresa.com','11-9678-9012',1,'2024-01-25'),
('Silva','Gonzalo','27234567','Córdoba 890','gsilva@empresa.com','11-9789-0123',1,'2024-02-01'),
('Luna','Florencia','35234567','Santa Fe 112','fluna@empresa.com','11-9890-1234',1,'2024-02-05'),
('Díaz','Santiago','31123456','Medrano 123','sdiaz@gmail.com','11-9901-2345',1,'2024-03-20'),
('Morales','Valentina','33234567','Boedo 456','vmorales@hotmail.com','11-9012-3456',1,'2024-03-25'),
('Herrera','Joaquín','30123457','Luro 789','jherrera@gmail.com','223-456-7890',1,'2024-04-01'),
('Rojas','Martina','33123457','San Juan 101','mrojas@yahoo.com','11-9123-4568',1,'2024-04-05'),
('Medina','Lautaro','28123457','Roca 234','lmedina@gmail.com','299-876-5432',1,'2024-04-10'),
('Castillo','Sofía','35234568','Alberti 567','scastillo@outlook.com','221-987-6543',1,'2024-04-15'),
('Vargas','Benjamín','30123458','Pueyrredón 890','bvargas@gmail.com','11-9234-5679',1,'2024-04-20'),
('Ortiz','Agustina','33123458','Rivadavia 112','aortiz@hotmail.com','11-9345-6780',1,'2024-05-01'),
('Núñez','Thiago','29123457','Belgrano 345','tnunez@gmail.com','341-987-6543',1,'2024-05-05'),
('Romero','Emilia','34234567','Mendoza 678','eromero@yahoo.com','11-9456-7891',1,'2024-05-10'),
('Aguirre','Mateo','30234568','Salta 901','maguirre@gmail.com','387-123-4567',1,'2024-05-15'),
('Flores','Isabella','33123459','Jujuy 234','iflores@gmail.com','11-9567-8902',1,'2024-05-20'),
('Jiménez','Lucas','28123458','Chaco 567','ljimenez@outlook.com','362-345-6789',1,'2024-06-01'),
('Cabrera','Zoe','35234569','Entre Ríos 890','zcabrera@gmail.com','343-456-7890',1,'2024-06-05'),
('Reyes','Tomás','30123459','Formosa 123','treyes@hotmail.com','370-123-4567',1,'2024-06-10'),
('Mendoza','Catalina','33123460','Catamarca 456','cmendoza@yahoo.com','383-234-5678',1,'2024-06-15'),
('Paz','Renato','29123458','La Pampa 789','rpaz@gmail.com','2954-123-456',1,'2024-06-20'),
('Guzmán','Maite','34234568','Chubut 101','mguzman@outlook.com','280-123-4567',1,'2024-07-01'),
('Blanco','Bautista','30234569','Río Negro 234','bblanco@gmail.com','2920-123-456',1,'2024-07-05'),
('Navarro','Ambar','33123461','Santa Cruz 567','anavarro@hotmail.com','2966-123-456',1,'2024-07-10'),
('Acosta','Lautaro','28123459','Tierra del Fuego 890','lacosta@yahoo.com','2901-123-456',1,'2024-07-15'),
('Sánchez','Abril','35234570','Misiones 123','asanchez@gmail.com','376-123-4567',1,'2024-07-20'),
('Vera','Emilio','30123460','Corrientes 456','evera@outlook.com','379-234-5678',1,'2024-08-01'),
('Cruz','Renata','33123462','San Luis 789','rcruz@hotmail.com','266-123-4567',1,'2024-08-05'),
('Ramos','Valentín','29123459','Santiago del Estero 101','vramos@gmail.com','385-123-4567',1,'2024-08-10'),
('Domínguez','Luna','34234569','Tucumán 234','ldominguez@yahoo.com','381-234-5678',1,'2024-08-15'),
('Alonso','Felipe','30234570','Jujuy 567','falonso@gmail.com','388-123-4567',1,'2024-08-20'),
('Moyano','Victoria','33123463','La Rioja 890','vmoyano@outlook.com','380-123-4567',1,'2024-09-01'),
('Peralta','Dylan','28123460','Neuquén 123','dperalta@hotmail.com','299-123-4567',1,'2024-09-05'),
('Iglesias','Milena','35234571','Río Negro 456','miglesias@gmail.com','298-123-4567',1,'2024-09-10'),
('Barrios','Benicio','30123461','Chaco 789','bbarrios@yahoo.com','362-123-4567',1,'2024-09-15'),
('Escobar','Morena','33123464','Salta 101','mescobar@gmail.com','387-123-4567',1,'2024-09-20');

INSERT INTO Cliente (IdPersona,IdTipoCliente,FranjaHoraria,DireccionEnvio,Observaciones,Activo) VALUES
(1,1,'Mañana 8-12','Av. Corrientes 1234','Prefiere entrega rápida',1),
(2,2,'Tarde 14-18','Rivadavia 5678','Socio premium',1),
(3,3,'Todo el día','Santa Fe 890','Mayorista',1),
(4,1,'Mañana 9-13','Pellegrini 123',NULL,1),
(5,1,'Tarde 15-19','Belgrano 456','Llamar antes',1),
(6,2,'Mañana 8-12','Medrano 123','Socio nuevo',1),
(7,3,'Todo el día','Boedo 456','Mayorista zona sur',1),
(8,1,'Tarde 16-20','Luro 789','Solo viernes',1),
(9,1,'Mañana 10-14','San Juan 101',NULL,1),
(10,2,'Tarde 14-18','Roca 234','Socio oro',1);

INSERT INTO Empleado (IdPersona,CUIL,FechaIngreso,SueldoBase,TurnoTrabajo,Activo) VALUES
(11,'20-28123456-1','2024-01-10',850000.00,'Mañana',1),
(12,'27-33123456-2','2024-01-11',920000.00,'Tarde',1),
(13,'20-30234567-3','2024-01-12',1350000.00,'Mañana',1),
(14,'27-32123456-4','2024-01-15',780000.00,'Noche',1),
(15,'20-29123456-5','2024-01-20',810000.00,'Mañana',1),
(16,'27-34123456-6','2024-01-25',790000.00,'Tarde',1),
(17,'20-27234567-7','2024-02-01',880000.00,'Mañana',1),
(18,'27-35234567-8','2024-02-05',950000.00,'Tarde',1);

INSERT INTO Empleados_X_Puesto (IdEmpleado, IdPuesto, FechaDesde, EsPrincipal) VALUES
(1, 1, '2024-01-10', 1), 
(2, 2, '2024-01-11', 1), 
(3, 4, '2024-01-12', 1),  
(4, 3, '2024-01-15', 1), 
(5, 2, '2024-01-20', 1),  
(6, 1, '2024-01-25', 0),  
(6, 2, '2024-06-01', 1),  
(7, 1, '2024-02-01', 1),  
(8, 3, '2024-02-05', 1);  

INSERT INTO Usuario (IdPersona,UserName,Contraseña,TipoUsuario,Activo) VALUES
(11,'rsuarez','Pass123!','Repositor',1),
(12,'cmolina','Pass456!','Cajero',1),
(13,'mvega','Admin2024!','Gerente',1),
(14,'nortega','Pass789!','Encargado',1),
(15,'ecastro','Pass000!','Cajero',1),
(16,'jrios','Pass111!','Repositor',1),
(17,'gsilva','Pass222!','Empleado',1),
(18,'fluna','Pass333!','Encargado',1),
(1,'jgarcia','Cli123!','Cliente',1),
(2,'mlopez','Cli456!','Cliente',1);

INSERT INTO Categoria (NombreCategoria) VALUES ('Lácteos'),('Bebidas'),('Snacks'),('Limpieza'),('Carnes'),('Verdulería');

INSERT INTO Productos (Nombre,Stock,Precio,Descripcion,Estado) VALUES
('Leche Entera 1L',150,1200.00,'Leche pasteurizada',1),
('Coca Cola 1.5L',200,2200.00,'Gaseosa cola',1),
('Papas Fritas 150g',120,1800.00,'Clásicas',1),
('Detergente 3L',70,5800.00,'Ropa color',1),
('Bife Ancho 1kg',40,18500.00,'Carne vacuna',1),
('Manzana Roja 1kg',85,3200.00,'Gala',1),
('Yogur Natural 1kg',80,2800.00,'Sin azúcar',1),
('Agua Mineral 2L',180,950.00,'Sin gas',1),
('Queso Cremoso 500g',60,4500.00,'Untable',1),
('Jugo Naranja 1L',90,3100.00,'100% natural',1),
('Mani Salado 200g',100,2100.00,'Tostado',1),
('Lavandina 2L',95,1300.00,'Concentrado',1),
('Pollo Entero 2kg',35,8900.00,'Fresco',1),
('Banana 1kg',120,2100.00,'Ecuador',1),
('Huevos x12',100,3800.00,'Gallina libre',1),
('Fideos 500g',110,1600.00,'Spaghetti',1),
('Azúcar 1kg',120,1800.00,'Refinada',1),
('Aceite 1.5L',80,4100.00,'Girasol',1),
('Café 500g',70,5800.00,'Molido',1),
('Té x25',90,1900.00,'Negro',1);

INSERT INTO Productos_X_Categoria (IdProducto,IdCategoria) VALUES
(1,1),(7,1),(9,1),(15,1),
(2,2),(8,2),(10,2),
(3,3),(11,3),
(4,4),(12,4),
(5,5),(13,5),
(6,6),(14,6);

INSERT INTO Proveedores (NombreProveedor,Telefono,Email,Activo) VALUES
('Lácteos del Sur','11-4567-8901','ventas@lacteossur.com',1),
('Bebidas Argentinas','11-5678-9012','info@bebidasar.com',1),
('Snacks del Norte','11-6789-0123','pedidos@snacksnorte.com',1),
('Frigorífico Gaucho','11-8901-2345','carnes@gaucho.com',1),
('Verdulería Mayorista','11-9012-3456','mayorista@verduleria.com',1);

INSERT INTO Productos_X_Proveedores (IdProducto,IdProveedor,CodigoProveedor) VALUES
(1,1,'LCH001'),(7,1,'YOG007'),(9,1,'QSO009'),
(2,2,'COC002'),(8,2,'AGU008'),
(3,3,'PAP003'),(11,3,'MAN011'),
(5,4,'BIF005'),(13,4,'POL013'),
(6,5,'MAN006'),(14,5,'BAN014');

INSERT INTO Compra (IdTipoPago,Monto,FechaCompra) VALUES
(1,15800.00,'2025-11-01 10:30:00'),
(2,24750.00,'2025-11-02 14:15:00'),
(3,31200.00,'2025-11-03 09:45:00'),
(4,8900.00,'2025-11-04 16:20:00'),
(1,42000.00,'2025-11-05 11:10:00'),
(2,19500.00,'2025-11-06 13:55:00'),
(1,28700.00,'2025-11-07 17:30:00'),
(3,15600.00,'2025-11-08 10:00:00'),
(2,33400.00,'2025-11-09 15:40:00'),
(1,21800.00,'2025-11-10 12:25:00');

INSERT INTO Compra_X_Cliente (IdCompra,IdCliente,Rol) VALUES
(1,1,'Comprador'),(2,2,'Comprador'),(3,3,'Comprador'),(4,1,'Comprador'),
(5,5,'Comprador'),(6,2,'Comprador'),(7,7,'Comprador'),(8,3,'Comprador'),
(9,9,'Comprador'),(10,10,'Comprador');

INSERT INTO Compra_X_Producto (IdCompra,IdProducto,Cantidad,PrecioUnitario) VALUES
(1,1,2,1200.00),(1,2,3,2200.00),(1,3,1,1800.00),
(2,7,1,2800.00),(2,5,1,18500.00),(2,6,2,3200.00),
(3,8,4,950.00),(3,4,1,5800.00),(3,14,3,2100.00),
(4,15,2,3800.00),(4,16,1,1600.00),
(5,5,2,18500.00),(5,13,1,8900.00),(5,20,5,1900.00),
(6,2,2,2200.00),(6,19,3,5800.00),
(7,1,3,1200.00),(7,9,1,4500.00),(7,17,2,1800.00),
(8,10,2,3100.00),(8,19,1,5800.00),
(9,5,3,18500.00),(9,14,4,2100.00),(9,18,2,800.00),
(10,9,1,4500.00),(10,12,1,1300.00),(10,18,1,4100.00);

INSERT INTO Caja (IdCompra,MontoRecibido,Fecha,Observaciones) VALUES
(1,20000.00,GETDATE(),'Vuelto $4200'),
(2,25000.00,GETDATE(),'Tarjeta'),
(3,32000.00,GETDATE(),'Transferencia'),
(4,10000.00,GETDATE(),'Cheque'),
(5,50000.00,GETDATE(),'Vuelto $8000'),
(6,20000.00,GETDATE(),'Tarjeta'),
(7,30000.00,GETDATE(),'Vuelto $1300'),
(8,20000.00,GETDATE(),'Transferencia'),
(9,35000.00,GETDATE(),'Tarjeta'),
(10,25000.00,GETDATE(),'Vuelto $3200');